Species,Genus,Family,Order,Kingdom
Acrosathe_annulata,Acrosathe,Therevidae ,Diptera,Animalia
Adia_cinerella,Adia,Anthomyiidae ,Diptera,Animalia
Aedes_detritus,Aedes,Culicidae ,Diptera,Animalia
Aglais_urticae,Aglais,Nymphalidae ,Lepidoptera ,Animalia
Ampedus_sanguinolentus,Ampedus,Elateridae ,Coleoptera ,Animalia
Anapausis_spp.,Anapausis,Scatopsidae ,Diptera,Animalia
Anarta_myrtilli,Anarta,Noctuidae ,Lepidoptera ,Animalia
Anaspis_frontalis,Anaspis,Scraptiidae ,Coleoptera ,Animalia
Andrena_fuscipes,Andrena,Andrenidae ,Hymenoptera ,Animalia
Andrena_ovatula,Andrena,Andrenidae ,Hymenoptera ,Animalia
Anthomyia_liturata,Anthomyia,Anthomyiidae ,Diptera,Animalia
Anthomyiidae_spp.,,Anthomyiidae,Diptera,Animalia
Anthomyza_collini,Anthomyza,Anthomyzidae ,Diptera,Animalia
Anthophora_bimaculata,Anthophora,Apidae ,Hymenoptera ,Animalia
Apis_mellifera,Apis,Apidae ,Hymenoptera ,Animalia
Athalia_rosae,Athalia,Tenthredinidae ,Hymenoptera ,Animalia
Atrichopogon_spp.,Atrichopogon,Ceratopogonidae ,Diptera,Animalia
Autographa_gamma,Autographa,Noctuidae ,Lepidoptera ,Animalia
Bathycranium_spp,Bathycranium,Dolichopodidae ,Diptera,Animalia
Bombus_hortorum,Bombus,Apidae ,Hymenoptera ,Animalia
Bombus_humilis,Bombus,Apidae ,Hymenoptera ,Animalia
Bombus_jonellus,Bombus,Apidae ,Hymenoptera ,Animalia
Bombus_lapidarius,Bombus,Apidae ,Hymenoptera ,Animalia
Bombus_lucorum,Bombus,Apidae ,Hymenoptera ,Animalia
Bombus_pascuorum,Bombus,Apidae ,Hymenoptera ,Animalia
Bombus_pratorum,Bombus,Apidae ,Hymenoptera ,Animalia
Bombus_sylvestris,Bombus,Apidae ,Hymenoptera ,Animalia
Bombus_terrestris,Bombus,Apidae ,Hymenoptera ,Animalia
Botanophila_seneciella,Botanophila,Anthomyiidae ,Diptera,Animalia
Botanophila_spp.,Botanophila,Anthomyiidae ,Diptera,Animalia
Braconidae_spp.,,Braconidae,Hymenoptera ,Animalia
Campiglossa_plantaginis,Campiglossa,Tephritidae ,Diptera,Animalia
Campiglossa_spp.,Campiglossa,Tephritidae ,Diptera,Animalia
Campopleginae,Campopleginae,Ichneumonidae ,Hymenoptera ,Animalia
Campoplex,Campoplex,Ichneumonidae ,Hymenoptera ,Animalia
Camptogramma_bilineata,Camptogramm,Geometridae ,Lepidoptera ,Animalia
Cecidomyiidae_spp.,,Cecidomyiidae,Diptera,Animalia
Ceratopogonidae_spp.,,Ceratopogonidae,Diptera,Animalia
Cerceris_rybyensis,Cerceris,Crabronidae ,Hymenoptera ,Animalia
Cerodontha_denticornis,Cerodontha,Agromyzidae ,Diptera,Animalia
Chalcidoidea_spp.,,Chalcidoidea,Hymenoptera ,Animalia
Chironomidae_spp.,,Chironomidae,Diptera,Animalia
Chlorops_hypostigma,Chlorops,Chloropidae ,Diptera,Animalia
Chromatomyia_horticola,Chromatomyia,Agromyzidae ,Diptera,Animalia
Chromatomyia_spp.,Chromatomyia,Agromyzidae ,Diptera,Animalia
Chrysotoxum_festivum,Chrysotoxum,Syrphidae ,Diptera,Animalia
Coenonympha_pamphilus,Coenonympha,Nymphalidae ,Lepidoptera ,Animalia
Coenosia_femoralis,Coenosia,Muscidae ,Diptera,Animalia
Coenosia_mollicula,Coenosia,Muscidae ,Diptera,Animalia
Coenosia_pedella,Coenosia,Muscidae ,Diptera,Animalia
Coenosia_spp.,Coenosia,Muscidae ,Diptera,Animalia
Coenosia_tigrina,Coenosia,Muscidae ,Diptera,Animalia
Colias_croceus,Colias,Pieridae ,Lepidoptera ,Animalia
Colletes_succinctus,Colletes,Colletidae ,Hymenoptera ,Animalia
Conocephalus_discolor,Conocephalus,Tettigoniidae ,Orthoptera ,Animalia
Conocephalus_dorsalis,Conocephalus,Tettigoniidae ,Orthoptera ,Animalia
Crossocerus_wesmaeli,Crossocerus,Crabronidae ,Hymenoptera ,Animalia
Cryptinae,Cryptinae,Ichneumonidae ,Hymenoptera ,Animalia
Dasyhelea_spp.,Dasyhelea,Ceratopogonidae ,Diptera,Animalia
Dasypoda_altercator,Dasypoda,Melittidae ,Hymenoptera ,Animalia
Delia_florilega,Delia,Anthomyiidae ,Diptera,Animalia
Delia_platura,Delia,Anthomyiidae ,Diptera,Animalia
Delia_spp.,Delia,Anthomyiidae ,Diptera,Animalia
Dilophus_bispinosus,Dilophus,Bibionidae ,Diptera,Animalia
Dilophus_febrilis,Dilophus,Bibionidae ,Diptera,Animalia
Discocerina_obscurella,Discocerina,Ephydridae ,Diptera,Animalia
Ditaeniella_grisescens,Ditaeniella,Sciomyzidae ,Diptera,Animalia
Dolichopus_diadema,Dolichopus,Dolichopodidae ,Diptera,Animalia
Dolichopus_nubilus,Dolichopus,Dolichopodidae ,Diptera,Animalia
Dolichopus_ungulatus,Dolichopus,Dolichopodidae ,Diptera,Animalia
Empis_aestiva,Empis,Empididae ,Diptera,Animalia
Empis_praevia,Empis,Empididae ,Diptera,Animalia
Enallagma_cyathigerum,Enallagma,Coenagrionidae ,Odonata,Animalia
Endromopoda_detrita,Endromopoda,Ichneumonidae ,Hymenoptera ,Animalia
Episyrphus_balteatus,Episyrphus,Syrphidae ,Diptera,Animalia
Eristalinus_sepulchralis,Eristalinus,Syrphidae ,Diptera,Animalia
Eristalis_arbustorum,Eristalis,Syrphidae ,Diptera,Animalia
Eristalis_pertinax,Eristalis,Syrphidae ,Diptera,Animalia
Eristalis_tenax,Eristalis,Syrphidae ,Diptera,Animalia
Eumenes_coarctatus,Eumenes,Vespidae ,Hymenoptera ,Animalia
Eupeodes_corollae,Eupeodes,Syrphidae ,Diptera,Animalia
Eupeodes_latifasciatus,Eupeodes,Syrphidae ,Diptera,Animalia
Fannia_subsimilis,Fannia,Fanniidae ,Diptera,Animalia
Formica_fusca,Formica,Formicidae ,Hymenoptera ,Animalia
Glyphipterix_spp.,Glyphipterix,Glyphipterigidae ,Lepidoptera ,Animalia
Hecamede_albicans,Hecamede,Ephydridae ,Diptera,Animalia
Helina_reversio,Helina,Muscidae ,Diptera,Animalia
Helina_spp.,Helina,Muscidae ,Diptera,Animalia
Helophilus_hybridus,Helophilus,Syrphidae ,Diptera,Animalia
Helophilus_pendulus,Helophilus,Syrphidae ,Diptera,Animalia
Helophilus_trivittatus,Helophilus,Syrphidae ,Diptera,Animalia
Hemicrepidius_hirtus,Hemicrepidius,Elateridae ,Coleoptera ,Animalia
Hercostomus_nigripennis,Hercostomus,Dolichopodidae ,Diptera,Animalia
Hercostomus_spp.,Hercostomus,Dolichopodidae ,Diptera,Animalia
Hybos_grossipes,Hybos,Hybotidae ,Diptera,Animalia
Hydrellia_griseola,Hydrellia,Ephydridae ,Diptera,Animalia
Icheumonidae_spp.,,Ichneumonidae ,Hymenoptera ,Animalia
Ichneomonidae_spp.,,Ichneumonidae ,Hymenoptera ,Animalia
Ichneumon_sarcitorius,Ichneumon,Ichneumonidae ,Hymenoptera ,Animalia
Ichneumonidae_spp.,,Ichneumonidae ,Hymenoptera ,Animalia
Kleidocerys_truncatulus,Kleidocerys,Lygaeidae ,Hemiptera,Animalia
Lasiochaeta_pubescens,Lasiochaeta,Chloropidae ,Diptera,Animalia
Lasioglossum_albipes,Lasioglossum,Halictidae ,Hymenoptera ,Animalia
Lasioglossum_calceatum,Lasioglossum,Halictidae ,Hymenoptera ,Animalia
Lasioglossum_leucozonium,Lasioglossum,Halictidae ,Hymenoptera ,Animalia
Lasioglossum_morio,Lasioglossum,Halictidae ,Hymenoptera ,Animalia
Lasioglossum_prasinum,Lasioglossum,Halictidae ,Hymenoptera ,Animalia
Lasioglossum_villosulum,Lasioglossum,Halictidae ,Hymenoptera ,Animalia
Lasius_niger,Lasius,Formicidae ,Hymenoptera ,Animalia
Leptocera_caenosa,Leptocera,Sphaeroceridae ,Diptera,Animalia
Leptocera_fuscipennis,Leptocera,Sphaeroceridae ,Diptera,Animalia
Leptocera_nigra,Leptocera,Sphaeroceridae ,Diptera,Animalia
Linnaemya_vulpina,Linnaemya,Tachinidae ,Diptera,Animalia
Lispe_pygmaea,Lispe,Muscidae ,Diptera,Animalia
Longitarsus_flavicornis,Longitarsus,Chrysomelidae ,Coleoptera ,Animalia
Lucilia_caesar,Lucilia,Calliphoridae ,Diptera,Animalia
Lucilia_sericata,Lucilia,Calliphoridae ,Diptera,Animalia
Lycaena_phlaeas,Lycaena,Lycaenidae ,Lepidoptera ,Animalia
M16,,,,Animalia
M30,,,,Animalia
M43,,,,Animalia
M56,,,,Animalia
M62,,,,Animalia
M9,,,,Animalia
Malacomyia_sciomyzina,Malacomyia,Coelopidae ,Diptera,Animalia
Maniola_jurtina,Maniola,Nymphalidae ,Lepidoptera ,Animalia
Medetera_micacea,Medetera,Dolichopodidae ,Diptera,Animalia
Megachile_dorsalis,Megachile,Megachilidae ,Hymenoptera ,Animalia
Meigenia_spp.,Meigenia,Tachinidae ,Diptera,Animalia
Melanostoma_mellinum,Melanostoma,Syrphidae ,Diptera,Animalia
Melanostoma_scalare,Melanostoma,Syrphidae ,Diptera,Animalia
Melanum_laterale,Melanum,Chloropidae ,Diptera,Animalia
Meligethes_aeneus,Meligethes,Nitidulidae ,Coleoptera ,Animalia
Meligethes_obscurus,Meligethes,Nitidulidae ,Coleoptera ,Animalia
Melinda_viridicyanea,Melinda,Calliphoridae ,Diptera,Animalia
Meliscaeva_auricollis,Meliscaeva,Syrphidae ,Diptera,Animalia
Meromyza_spp.,Meromyza,Chloropidae ,Diptera,Animalia
Meroplius_minutus,Meroplius,Sepsidae ,Diptera,Animalia
Micrelus_ericae,Micrelus,Curculionidae ,Coleoptera ,Animalia
Miltogramma_punctata,Miltogramma,Sarcophagidae ,Diptera,Animalia
Minettia_rivosa,Minettia,Lauxaniidae ,Diptera,Animalia
Morellia_aenescens,Morellia,Muscidae ,Diptera,Animalia
Musca_autumnalis,Musca,Muscidae ,Diptera,Animalia
Neomyia_cornicina,Neomyia,Muscidae ,Diptera,Animalia
Nomada_rufipes,Nomada,Apidae ,Hymenoptera ,Animalia
Nomophila_noctuella,Nomophila,Crambidae ,Lepidoptera ,Animalia
Oedemera_lurida,Oedemera,Oedemeridae ,Coleoptera ,Animalia
Olibrus_affinis,Olibrus,Phalacridae ,Coleoptera ,Animalia
Orthocephalus_saltator,Orthocephalus,Miridae ,Hemiptera,Animalia
Oscinella_frit,Oscinella,Chloropidae ,Diptera,Animalia
Panurgus_banksianus,Panurgus,Andrenidae ,Hymenoptera ,Animalia
Paragus_haemorrhous,Paragus,Syrphidae ,Diptera,Animalia
Paragus_spp.,Paragus,Syrphidae ,Diptera,Animalia
Parelgle_audacula,Parelgle,Anthomyiidae ,Diptera,Animalia
Pegomya_spp.,Pegomya,Anthomyiidae ,Diptera,Animalia
Pegoplata_aestiva,Pegoplata,Anthomyiidae ,Diptera,Animalia
Philanthus_triangulum,Philanthus,Crabronidae ,Hymenoptera ,Animalia
Philopedon_plagiatum,Philopedon,Curculionidae ,Coleoptera ,Animalia
Philygria_vittipennis,Philygria,Ephydridae ,Diptera,Animalia
Phyllobius_virideaeris,Phyllobius,Curculionidae ,Coleoptera ,Animalia
Pieris_rapae,Pieris,Pieridae ,Lepidoptera ,Animalia
Platycheirus_tarsalis,Platycheirus,Syrphidae ,Diptera,Animalia
Platypalpus_pallidiventris,Platypalpus,Hybotidae ,Diptera,Animalia
Platypalpus_spp.,Platypalpus,Hybotidae ,Diptera,Animalia
Polyommatus_icarus,Polyommatus,Lycaenidae ,Lepidoptera ,Animalia
Prosternon_tessellatum,Prosternon,Elateridae ,Coleoptera ,Animalia
Pseudovadonia_livida,Pseudovadonia,Cerambycidae ,Coleoptera ,Animalia
Psila_spp.,Psila,Psilidae ,Diptera,Animalia
Psilopa_spp.,Psilopa.,Psilopa_spp.,Diptera,Animalia
Psilothrix_viridicoeruleus,Psilothrix,Dasytidae ,Coleoptera ,Animalia
Rhagonycha_fulva,Rhagonycha,Cantharidae ,Coleoptera ,Animalia
Rhamphomyia_varibilis,Rhamphomyia,Empididae ,Diptera,Animalia
Rhinophora_lepida,Rhinophora,Calliphoridae ,Diptera,Animalia
Rutpela_maculata,Rutpela,Cerambycidae ,Coleoptera ,Animalia
Sarcophaga_nigriventris,Sarcophaga,Sarcophagidae ,Diptera,Animalia
Sarcophaga_spp.,Sarcophaga,Sarcophagidae ,Diptera,Animalia
Sarcophaga_variegata,Sarcophaga,Sarcophagidae ,Diptera,Animalia
Scambus,Scambus,Ichneumonidae ,Hymenoptera ,Animalia
Scaptomyza_(Parascaptomyza)_pallida,Scaptomyza,Drosophilidae ,Diptera,Animalia
Scaptomyza_flava,Scaptomyza,Drosophilidae,Diptera,Animalia
Scatella_stagnalis,Scatella,Ephydridae ,Diptera,Animalia
Scathophaga_calida,Scathophaga,Scathophagidae ,Diptera,Animalia
Scathophaga_litorea,Scathophaga,Scathophagidae ,Diptera,Animalia
Scathophaga_stercoraria,Scathophaga,Scathophagidae ,Diptera,Animalia
Schoenomyza_litorella,Schoenomyza,Muscidae ,Diptera,Animalia
Sciaridae_spp.,,Sciaridae,Diptera,Animalia
Senotainia_conica,Senotainia,Sarcophagidae ,Diptera,Animalia
Sepsis_cynipsea,Sepsis,Sepsidae ,Diptera,Animalia
Sepsis_fulgens,Sepsis,Sepsidae ,Diptera,Animalia
Sepsis_spp.,Sepsis,Sepsidae ,Diptera,Animalia
Sepsis_thoracica,Sepsis,Sepsidae ,Diptera,Animalia
Sibinia_arenaria,Sibinia,Curculionidae ,Coleoptera ,Animalia
Sicus_ferrugineus,Sicus,Conopidae ,Diptera,Animalia
Simulium_equinum,Simulium,Simuliidae ,Diptera,Animalia
Siphona_geniculata,Siphona,Tachinidae ,Diptera,Animalia
Solieria_spp.,Solieria,Tachinidae ,Diptera,Animalia
Sphaerophoria_rueppellii,Sphaerophoria,Syrphidae ,Diptera,Animalia
Sphaerophoria_scripta,Sphaerophoria,Syrphidae ,Diptera,Animalia
Sphaerophoria_spp.,Sphaerophoria,Syrphidae ,Diptera,Animalia
Sphenella_marginata,Sphenella,Tephritidae ,Diptera,Animalia
Symphyta_spp.,Symphyta,Lasiocampidae ,Lepidoptera ,Animalia
Symplecta_stictica,Symplecta,Limoniidae ,Diptera,Animalia
Sympycnus_desoutteri,Sympycnus,Dolichopodidae ,Diptera,Animalia
Syntormon_spp.,Syntormon,Dolichopodidae ,Diptera,Animalia
Syritta_pipiens,Syritta,Syrphidae ,Diptera,Animalia
Syrphini_spp.,Syrphini,Syrphidae ,Diptera,Animalia
Syrphus_vitripennis,Syrphus,Syrphidae ,Diptera,Animalia
Tachinidae_spp.,,Tachinidae,Diptera,Animalia
Tethina_grisea,Tethina,Canacidae ,Diptera,Animalia
Tethredo_spp.,Tethredo,Tenthredinidae ,Hymenoptera ,Animalia
Thaumatomyia_glabra,Thaumatomyia,Chloropidae ,Diptera,Animalia
Thricops_semicinereus,Thricops,Muscidae ,Diptera,Animalia
Thymelicus_sylvestris,Thymelicus,Hesperiidae ,Lepidoptera ,Animalia
Tipula_paludossa,Tipula,Tipulidae ,Diptera,Animalia
Trachysiphonella_spp.,Trachysiphonella,Chloropidae ,Diptera,Animalia
Trichoptera,,,Trichoptera,Animalia
Tytthaspis_sedecimpunctata,Tytthaspis,Coccinellidae ,Coleoptera ,Animalia
Vespula_vulgaris,Vespula,Vespidae ,Hymenoptera ,Animalia
Volucella_bombylans,Volucella,Syrphidae ,Diptera,Animalia
Zygaena_filipendulae,Zygaena,Zygaenidae ,Lepidoptera ,Animalia
